sample_id,coco_id,category,mask_type,tamper_ratio,fake_relpath,real_relpath,mask_relpath,split,used_in_experiment
baseball glove_109118_bbox_1,109118,baseball glove,bbox,0.02354,sd2-sp_validation/baseball glove/109118_mask_bbox.png_ps_mask.png_sd2_1.png,orig_validation/baseball glove/109118_orig.png,masks_validation/baseball glove/109118_mask_bbox.png_ps_mask.png,frozen_184_source_subset,T02-F01;X01;E4/B4-mirror-fake
baseball glove_12639_bbox_1,12639,baseball glove,bbox,0.00908,sd2-sp_validation/baseball glove/12639_mask_bbox.png_ps_mask.png_sd2_1.png,orig_validation/baseball glove/12639_orig.png,masks_validation/baseball glove/12639_mask_bbox.png_ps_mask.png,frozen_184_source_subset,T02-F01;X01;E4/B4-mirror-fake
baseball glove_153797_bbox_2,153797,baseball glove,bbox,0.00704,sd2-sp_validation/baseball glove/153797_mask_bbox.png_ps_mask.png_sd2_2.png,orig_validation/baseball glove/153797_orig.png,masks_validation/baseball glove/153797_mask_bbox.png_ps_mask.png,frozen_184_source_subset,T02-F01;X01;X03-fake;E4/B4-mirror-fake
baseball glove_213171_bbox_1,213171,baseball glove,bbox,0.0087,sd2-sp_validation/baseball glove/213171_mask_bbox.png_ps_mask.png_sd2_1.png,orig_validation/baseball glove/213171_orig.png,masks_validation/baseball glove/213171_mask_bbox.png_ps_mask.png,frozen_184_source_subset,T02-F01;X01;X03-fake
baseball glove_257478_segm_2,257478,baseball glove,segm,0.00699,sd2-sp_validation/baseball glove/257478_mask_segm.png_ps_mask.png_sd2_2.png,orig_validation/baseball glove/257478_orig.png,masks_validation/baseball glove/257478_mask_segm.png_ps_mask.png,frozen_184_source_subset,T02-F01;X01;E4/B4-mirror-fake
baseball glove_345466_segm_0,345466,baseball glove,segm,0.00744,sd2-sp_validation/baseball glove/345466_mask_segm.png_ps_mask.png_sd2_0.png,orig_validation/baseball glove/345466_orig.png,masks_validation/baseball glove/345466_mask_segm.png_ps_mask.png,frozen_184_source_subset,T02-F01;X01;X03-fake
baseball glove_515982_segm_1,515982,baseball glove,segm,0.00934,sd2-sp_validation/baseball glove/515982_mask_segm.png_ps_mask.png_sd2_1.png,orig_validation/baseball glove/515982_orig.png,masks_validation/baseball glove/515982_mask_segm.png_ps_mask.png,frozen_184_source_subset,T02-F01;X01;X03-fake
baseball glove_554328_bbox_1,554328,baseball glove,bbox,0.04175,sd2-sp_validation/baseball glove/554328_mask_bbox.png_ps_mask.png_sd2_1.png,orig_validation/baseball glove/554328_orig.png,masks_validation/baseball glove/554328_mask_bbox.png_ps_mask.png,frozen_184_source_subset,T02-F01;X01;X03-real;E4/B4-mirror-fake
bed_10092_bbox_2,10092,bed,bbox,0.24698,sd2-sp_validation/bed/10092_mask_bbox.png_ps_mask.png_sd2_2.png,orig_validation/bed/10092_orig.png,masks_validation/bed/10092_mask_bbox.png_ps_mask.png,frozen_184_source_subset,T02-F01;X01;X03-real
bed_106389_segm_1,106389,bed,segm,0.06848,sd2-sp_validation/bed/106389_mask_segm.png_ps_mask.png_sd2_1.png,orig_validation/bed/106389_orig.png,masks_validation/bed/106389_mask_segm.png_ps_mask.png,frozen_184_source_subset,T02-F01;X01;X03-real
bed_193494_bbox_0,193494,bed,bbox,0.2505,sd2-sp_validation/bed/193494_mask_bbox.png_ps_mask.png_sd2_0.png,orig_validation/bed/193494_orig.png,masks_validation/bed/193494_mask_bbox.png_ps_mask.png,frozen_184_source_subset,T02-F01;X01;X03-real
bed_283412_bbox_2,283412,bed,bbox,0.13132,sd2-sp_validation/bed/283412_mask_bbox.png_ps_mask.png_sd2_2.png,orig_validation/bed/283412_orig.png,masks_validation/bed/283412_mask_bbox.png_ps_mask.png,frozen_184_source_subset,T02-F01;X01;X03-fake;E4/B4-mirror-fake
bed_365387_bbox_2,365387,bed,bbox,0.19986,sd2-sp_validation/bed/365387_mask_bbox.png_ps_mask.png_sd2_2.png,orig_validation/bed/365387_orig.png,masks_validation/bed/365387_mask_bbox.png_ps_mask.png,frozen_184_source_subset,T02-F01;X01;E4/B4-mirror-fake
bed_385997_bbox_0,385997,bed,bbox,0.06202,sd2-sp_validation/bed/385997_mask_bbox.png_ps_mask.png_sd2_0.png,orig_validation/bed/385997_orig.png,masks_validation/bed/385997_mask_bbox.png_ps_mask.png,frozen_184_source_subset,T02-F01;X01
bed_415741_segm_1,415741,bed,segm,0.02565,sd2-sp_validation/bed/415741_mask_segm.png_ps_mask.png_sd2_1.png,orig_validation/bed/415741_orig.png,masks_validation/bed/415741_mask_segm.png_ps_mask.png,frozen_184_source_subset,T02-F01;X01;X03-fake
bed_41872_bbox_1,41872,bed,bbox,0.14334,sd2-sp_validation/bed/41872_mask_bbox.png_ps_mask.png_sd2_1.png,orig_validation/bed/41872_orig.png,masks_validation/bed/41872_mask_bbox.png_ps_mask.png,frozen_184_source_subset,T02-F01;X01;X03-fake;E4/B4-mirror-fake
bed_450488_bbox_2,450488,bed,bbox,0.2213,sd2-sp_validation/bed/450488_mask_bbox.png_ps_mask.png_sd2_2.png,orig_validation/bed/450488_orig.png,masks_validation/bed/450488_mask_bbox.png_ps_mask.png,frozen_184_source_subset,T02-F01;X01;X03-fake;E4/B4-mirror-fake
boat_126107_segm_2,126107,boat,segm,0.00641,sd2-sp_validation/boat/126107_mask_segm.png_ps_mask.png_sd2_2.png,orig_validation/boat/126107_orig.png,masks_validation/boat/126107_mask_segm.png_ps_mask.png,frozen_184_source_subset,T02-F01;X01;X03-real;E4/B4-mirror-fake
boat_144932_segm_0,144932,boat,segm,0.00525,sd2-sp_validation/boat/144932_mask_segm.png_ps_mask.png_sd2_0.png,orig_validation/boat/144932_orig.png,masks_validation/boat/144932_mask_segm.png_ps_mask.png,frozen_184_source_subset,T02-F01;X01;X03-real;E4/B4-mirror-fake
boat_160728_bbox_0,160728,boat,bbox,0.0223,sd2-sp_validation/boat/160728_mask_bbox.png_ps_mask.png_sd2_0.png,orig_validation/boat/160728_orig.png,masks_validation/boat/160728_mask_bbox.png_ps_mask.png,frozen_184_source_subset,T02-F01;X01;X03-fake
boat_205401_bbox_1,205401,boat,bbox,0.01446,sd2-sp_validation/boat/205401_mask_bbox.png_ps_mask.png_sd2_1.png,orig_validation/boat/205401_orig.png,masks_validation/boat/205401_mask_bbox.png_ps_mask.png,frozen_184_source_subset,T02-F01;X01
boat_230362_segm_1,230362,boat,segm,0.00792,sd2-sp_validation/boat/230362_mask_segm.png_ps_mask.png_sd2_1.png,orig_validation/boat/230362_orig.png,masks_validation/boat/230362_mask_segm.png_ps_mask.png,frozen_184_source_subset,T02-F01;X01;E4/B4-mirror-fake
boat_257566_segm_0,257566,boat,segm,0.04163,sd2-sp_validation/boat/257566_mask_segm.png_ps_mask.png_sd2_0.png,orig_validation/boat/257566_orig.png,masks_validation/boat/257566_mask_segm.png_ps_mask.png,frozen_184_source_subset,T02-F01;X01;X03-fake
boat_475904_bbox_1,475904,boat,bbox,0.17578,sd2-sp_validation/boat/475904_mask_bbox.png_ps_mask.png_sd2_1.png,orig_validation/boat/475904_orig.png,masks_validation/boat/475904_mask_bbox.png_ps_mask.png,frozen_184_source_subset,T02-F01;X01;X03-fake;E4/B4-mirror-fake
boat_502168_bbox_2,502168,boat,bbox,0.26056,sd2-sp_validation/boat/502168_mask_bbox.png_ps_mask.png_sd2_2.png,orig_validation/boat/502168_orig.png,masks_validation/boat/502168_mask_bbox.png_ps_mask.png,frozen_184_source_subset,T02-F01;X01;X03-fake;E4/B4-mirror-fake
boat_503823_segm_0,503823,boat,segm,0.06182,sd2-sp_validation/boat/503823_mask_segm.png_ps_mask.png_sd2_0.png,orig_validation/boat/503823_orig.png,masks_validation/boat/503823_mask_segm.png_ps_mask.png,frozen_184_source_subset,T02-F01;X01
boat_513181_bbox_2,513181,boat,bbox,0.04948,sd2-sp_validation/boat/513181_mask_bbox.png_ps_mask.png_sd2_2.png,orig_validation/boat/513181_orig.png,masks_validation/boat/513181_mask_bbox.png_ps_mask.png,frozen_184_source_subset,T02-F01;X01;X03-real;E4/B4-mirror-fake
boat_522393_segm_0,522393,boat,segm,0.02043,sd2-sp_validation/boat/522393_mask_segm.png_ps_mask.png_sd2_0.png,orig_validation/boat/522393_orig.png,masks_validation/boat/522393_mask_segm.png_ps_mask.png,frozen_184_source_subset,T02-F01;X01;X03-fake
boat_543043_bbox_1,543043,boat,bbox,0.07704,sd2-sp_validation/boat/543043_mask_bbox.png_ps_mask.png_sd2_1.png,orig_validation/boat/543043_orig.png,masks_validation/boat/543043_mask_bbox.png_ps_mask.png,frozen_184_source_subset,T02-F01;X01;X03-fake
boat_570448_segm_0,570448,boat,segm,0.0079,sd2-sp_validation/boat/570448_mask_segm.png_ps_mask.png_sd2_0.png,orig_validation/boat/570448_orig.png,masks_validation/boat/570448_mask_segm.png_ps_mask.png,frozen_184_source_subset,T02-F01;X01
boat_579635_segm_0,579635,boat,segm,0.00527,sd2-sp_validation/boat/579635_mask_segm.png_ps_mask.png_sd2_0.png,orig_validation/boat/579635_orig.png,masks_validation/boat/579635_mask_segm.png_ps_mask.png,frozen_184_source_subset,T02-F01;X01
boat_79837_segm_1,79837,boat,segm,0.0188,sd2-sp_validation/boat/79837_mask_segm.png_ps_mask.png_sd2_1.png,orig_validation/boat/79837_orig.png,masks_validation/boat/79837_mask_segm.png_ps_mask.png,frozen_184_source_subset,T02-F01;X01;X03-fake
cow_152740_segm_1,152740,cow,segm,0.01285,sd2-sp_validation/cow/152740_mask_segm.png_ps_mask.png_sd2_1.png,orig_validation/cow/152740_orig.png,masks_validation/cow/152740_mask_segm.png_ps_mask.png,frozen_184_source_subset,T02-F01;X01;X03-real;E4/B4-mirror-fake
cow_166287_segm_1,166287,cow,segm,0.01508,sd2-sp_validation/cow/166287_mask_segm.png_ps_mask.png_sd2_1.png,orig_validation/cow/166287_orig.png,masks_validation/cow/166287_mask_segm.png_ps_mask.png,frozen_184_source_subset,T02-F01;X01;X03-fake;E4/B4-mirror-fake
cow_206135_segm_1,206135,cow,segm,0.05169,sd2-sp_validation/cow/206135_mask_segm.png_ps_mask.png_sd2_1.png,orig_validation/cow/206135_orig.png,masks_validation/cow/206135_mask_segm.png_ps_mask.png,frozen_184_source_subset,T02-F01;X01;X03-real;E4/B4-mirror-fake
cow_219440_bbox_2,219440,cow,bbox,0.14641,sd2-sp_validation/cow/219440_mask_bbox.png_ps_mask.png_sd2_2.png,orig_validation/cow/219440_orig.png,masks_validation/cow/219440_mask_bbox.png_ps_mask.png,frozen_184_source_subset,T02-F01;X01;X03-real;E4/B4-mirror-fake
cow_244411_segm_2,244411,cow,segm,0.06914,sd2-sp_validation/cow/244411_mask_segm.png_ps_mask.png_sd2_2.png,orig_validation/cow/244411_orig.png,masks_validation/cow/244411_mask_segm.png_ps_mask.png,frozen_184_source_subset,T02-F01;X01;X03-fake
cow_272212_bbox_0,272212,cow,bbox,0.01991,sd2-sp_validation/cow/272212_mask_bbox.png_ps_mask.png_sd2_0.png,orig_validation/cow/272212_orig.png,masks_validation/cow/272212_mask_bbox.png_ps_mask.png,frozen_184_source_subset,T02-F01;X01;X03-fake;E4/B4-mirror-fake
cow_314034_segm_2,314034,cow,segm,0.00894,sd2-sp_validation/cow/314034_mask_segm.png_ps_mask.png_sd2_2.png,orig_validation/cow/314034_orig.png,masks_validation/cow/314034_mask_segm.png_ps_mask.png,frozen_184_source_subset,T02-F01;X01;X03-fake;E4/B4-mirror-fake
cow_361268_bbox_1,361268,cow,bbox,0.0931,sd2-sp_validation/cow/361268_mask_bbox.png_ps_mask.png_sd2_1.png,orig_validation/cow/361268_orig.png,masks_validation/cow/361268_mask_bbox.png_ps_mask.png,frozen_184_source_subset,T02-F01;X01;X03-fake;E4/B4-mirror-fake
cow_396205_segm_1,396205,cow,segm,0.01025,sd2-sp_validation/cow/396205_mask_segm.png_ps_mask.png_sd2_1.png,orig_validation/cow/396205_orig.png,masks_validation/cow/396205_mask_segm.png_ps_mask.png,frozen_184_source_subset,T02-F01;X01;X03-fake
cow_415990_segm_2,415990,cow,segm,0.00877,sd2-sp_validation/cow/415990_mask_segm.png_ps_mask.png_sd2_2.png,orig_validation/cow/415990_orig.png,masks_validation/cow/415990_mask_segm.png_ps_mask.png,frozen_184_source_subset,T02-F01;X01;X03-fake;E4/B4-mirror-fake
cow_417085_bbox_0,417085,cow,bbox,0.07051,sd2-sp_validation/cow/417085_mask_bbox.png_ps_mask.png_sd2_0.png,orig_validation/cow/417085_orig.png,masks_validation/cow/417085_mask_bbox.png_ps_mask.png,frozen_184_source_subset,T02-F01;X01;X03-fake;E4/B4-mirror-fake
cow_459396_segm_1,459396,cow,segm,0.25743,sd2-sp_validation/cow/459396_mask_segm.png_ps_mask.png_sd2_1.png,orig_validation/cow/459396_orig.png,masks_validation/cow/459396_mask_segm.png_ps_mask.png,frozen_184_source_subset,T02-F01;X01;X03-fake
cow_52565_bbox_2,52565,cow,bbox,0.21868,sd2-sp_validation/cow/52565_mask_bbox.png_ps_mask.png_sd2_2.png,orig_validation/cow/52565_orig.png,masks_validation/cow/52565_mask_bbox.png_ps_mask.png,frozen_184_source_subset,T02-F01;X01
cow_573626_segm_0,573626,cow,segm,0.01111,sd2-sp_validation/cow/573626_mask_segm.png_ps_mask.png_sd2_0.png,orig_validation/cow/573626_orig.png,masks_validation/cow/573626_mask_segm.png_ps_mask.png,frozen_184_source_subset,T02-F01;X01;X03-real
donut_148957_segm_2,148957,donut,segm,0.09034,sd2-sp_validation/donut/148957_mask_segm.png_ps_mask.png_sd2_2.png,orig_validation/donut/148957_orig.png,masks_validation/donut/148957_mask_segm.png_ps_mask.png,frozen_184_source_subset,T02-F01;X01;X03-fake;E4/B4-mirror-fake
donut_238866_segm_2,238866,donut,segm,0.03924,sd2-sp_validation/donut/238866_mask_segm.png_ps_mask.png_sd2_2.png,orig_validation/donut/238866_orig.png,masks_validation/donut/238866_mask_segm.png_ps_mask.png,frozen_184_source_subset,T02-F01;X01;X03-fake
donut_341973_bbox_0,341973,donut,bbox,0.02659,sd2-sp_validation/donut/341973_mask_bbox.png_ps_mask.png_sd2_0.png,orig_validation/donut/341973_orig.png,masks_validation/donut/341973_mask_bbox.png_ps_mask.png,frozen_184_source_subset,T02-F01;X01;X03-fake
donut_400573_bbox_0,400573,donut,bbox,0.08466,sd2-sp_validation/donut/400573_mask_bbox.png_ps_mask.png_sd2_0.png,orig_validation/donut/400573_orig.png,masks_validation/donut/400573_mask_bbox.png_ps_mask.png,frozen_184_source_subset,T02-F01;X01;X03-fake
donut_451150_segm_0,451150,donut,segm,0.11626,sd2-sp_validation/donut/451150_mask_segm.png_ps_mask.png_sd2_0.png,orig_validation/donut/451150_orig.png,masks_validation/donut/451150_mask_segm.png_ps_mask.png,frozen_184_source_subset,T02-F01;X01;X03-real;E4/B4-mirror-fake
donut_459662_segm_1,459662,donut,segm,0.03662,sd2-sp_validation/donut/459662_mask_segm.png_ps_mask.png_sd2_1.png,orig_validation/donut/459662_orig.png,masks_validation/donut/459662_mask_segm.png_ps_mask.png,frozen_184_source_subset,T02-F01;X01;X03-real
donut_521601_segm_2,521601,donut,segm,0.08189,sd2-sp_validation/donut/521601_mask_segm.png_ps_mask.png_sd2_2.png,orig_validation/donut/521601_orig.png,masks_validation/donut/521601_mask_segm.png_ps_mask.png,frozen_184_source_subset,T02-F01;X01;X03-fake
donut_533855_segm_0,533855,donut,segm,0.1947,sd2-sp_validation/donut/533855_mask_segm.png_ps_mask.png_sd2_0.png,orig_validation/donut/533855_orig.png,masks_validation/donut/533855_mask_segm.png_ps_mask.png,frozen_184_source_subset,T02-F01;X01;X03-fake;E4/B4-mirror-fake
donut_572388_bbox_1,572388,donut,bbox,0.19103,sd2-sp_validation/donut/572388_mask_bbox.png_ps_mask.png_sd2_1.png,orig_validation/donut/572388_orig.png,masks_validation/donut/572388_mask_bbox.png_ps_mask.png,frozen_184_source_subset,T02-F01;X01;X03-fake
donut_66926_bbox_0,66926,donut,bbox,0.1707,sd2-sp_validation/donut/66926_mask_bbox.png_ps_mask.png_sd2_0.png,orig_validation/donut/66926_orig.png,masks_validation/donut/66926_mask_bbox.png_ps_mask.png,frozen_184_source_subset,T02-F01;X01;X03-fake
donut_99810_segm_0,99810,donut,segm,0.0087,sd2-sp_validation/donut/99810_mask_segm.png_ps_mask.png_sd2_0.png,orig_validation/donut/99810_orig.png,masks_validation/donut/99810_mask_segm.png_ps_mask.png,frozen_184_source_subset,T02-F01;X01;X03-fake;E4/B4-mirror-fake
fire hydrant_105912_segm_2,105912,fire hydrant,segm,0.08662,sd2-sp_validation/fire hydrant/105912_mask_segm.png_ps_mask.png_sd2_2.png,orig_validation/fire hydrant/105912_orig.png,masks_validation/fire hydrant/105912_mask_segm.png_ps_mask.png,frozen_184_source_subset,T02-F01;X01;E4/B4-mirror-fake
fire hydrant_138550_bbox_1,138550,fire hydrant,bbox,0.08789,sd2-sp_validation/fire hydrant/138550_mask_bbox.png_ps_mask.png_sd2_1.png,orig_validation/fire hydrant/138550_orig.png,masks_validation/fire hydrant/138550_mask_bbox.png_ps_mask.png,frozen_184_source_subset,T02-F01;X01;X03-fake
fire hydrant_140556_bbox_1,140556,fire hydrant,bbox,0.08461,sd2-sp_validation/fire hydrant/140556_mask_bbox.png_ps_mask.png_sd2_1.png,orig_validation/fire hydrant/140556_orig.png,masks_validation/fire hydrant/140556_mask_bbox.png_ps_mask.png,frozen_184_source_subset,T02-F01;X01;X03-fake
fire hydrant_266082_bbox_1,266082,fire hydrant,bbox,0.20515,sd2-sp_validation/fire hydrant/266082_mask_bbox.png_ps_mask.png_sd2_1.png,orig_validation/fire hydrant/266082_orig.png,masks_validation/fire hydrant/266082_mask_bbox.png_ps_mask.png,frozen_184_source_subset,T02-F01;X01;X03-fake
fire hydrant_273198_segm_1,273198,fire hydrant,segm,0.03027,sd2-sp_validation/fire hydrant/273198_mask_segm.png_ps_mask.png_sd2_1.png,orig_validation/fire hydrant/273198_orig.png,masks_validation/fire hydrant/273198_mask_segm.png_ps_mask.png,frozen_184_source_subset,T02-F01;X01;X03-fake;E4/B4-mirror-fake
fire hydrant_28993_segm_1,28993,fire hydrant,segm,0.13083,sd2-sp_validation/fire hydrant/28993_mask_segm.png_ps_mask.png_sd2_1.png,orig_validation/fire hydrant/28993_orig.png,masks_validation/fire hydrant/28993_mask_segm.png_ps_mask.png,frozen_184_source_subset,T02-F01;X01;X03-fake
fire hydrant_293474_segm_0,293474,fire hydrant,segm,0.03325,sd2-sp_validation/fire hydrant/293474_mask_segm.png_ps_mask.png_sd2_0.png,orig_validation/fire hydrant/293474_orig.png,masks_validation/fire hydrant/293474_mask_segm.png_ps_mask.png,frozen_184_source_subset,T02-F01;X01;X03-real
fire hydrant_343315_segm_2,343315,fire hydrant,segm,0.01634,sd2-sp_validation/fire hydrant/343315_mask_segm.png_ps_mask.png_sd2_2.png,orig_validation/fire hydrant/343315_orig.png,masks_validation/fire hydrant/343315_mask_segm.png_ps_mask.png,frozen_184_source_subset,T02-F01;X01;X03-fake;E4/B4-mirror-fake
fire hydrant_366178_bbox_0,366178,fire hydrant,bbox,0.02043,sd2-sp_validation/fire hydrant/366178_mask_bbox.png_ps_mask.png_sd2_0.png,orig_validation/fire hydrant/366178_orig.png,masks_validation/fire hydrant/366178_mask_bbox.png_ps_mask.png,frozen_184_source_subset,T02-F01;X01;X03-real
fire hydrant_373705_segm_2,373705,fire hydrant,segm,0.10637,sd2-sp_validation/fire hydrant/373705_mask_segm.png_ps_mask.png_sd2_2.png,orig_validation/fire hydrant/373705_orig.png,masks_validation/fire hydrant/373705_mask_segm.png_ps_mask.png,frozen_184_source_subset,T02-F01;X01;X03-fake;E4/B4-mirror-fake
fire hydrant_38048_bbox_1,38048,fire hydrant,bbox,0.07082,sd2-sp_validation/fire hydrant/38048_mask_bbox.png_ps_mask.png_sd2_1.png,orig_validation/fire hydrant/38048_orig.png,masks_validation/fire hydrant/38048_mask_bbox.png_ps_mask.png,frozen_184_source_subset,T02-F01;X01;X03-fake
fire hydrant_384616_bbox_1,384616,fire hydrant,bbox,0.07621,sd2-sp_validation/fire hydrant/384616_mask_bbox.png_ps_mask.png_sd2_1.png,orig_validation/fire hydrant/384616_orig.png,masks_validation/fire hydrant/384616_mask_bbox.png_ps_mask.png,frozen_184_source_subset,T02-F01;X01;X03-fake
fire hydrant_390301_segm_0,390301,fire hydrant,segm,0.06482,sd2-sp_validation/fire hydrant/390301_mask_segm.png_ps_mask.png_sd2_0.png,orig_validation/fire hydrant/390301_orig.png,masks_validation/fire hydrant/390301_mask_segm.png_ps_mask.png,frozen_184_source_subset,T02-F01;X01;X03-fake
fire hydrant_427500_segm_2,427500,fire hydrant,segm,0.06602,sd2-sp_validation/fire hydrant/427500_mask_segm.png_ps_mask.png_sd2_2.png,orig_validation/fire hydrant/427500_orig.png,masks_validation/fire hydrant/427500_mask_segm.png_ps_mask.png,frozen_184_source_subset,T02-F01;X01;X03-fake
fire hydrant_79034_segm_1,79034,fire hydrant,segm,0.0627,sd2-sp_validation/fire hydrant/79034_mask_segm.png_ps_mask.png_sd2_1.png,orig_validation/fire hydrant/79034_orig.png,masks_validation/fire hydrant/79034_mask_segm.png_ps_mask.png,frozen_184_source_subset,T02-F01;X01;X03-fake
fire hydrant_87875_bbox_0,87875,fire hydrant,bbox,0.16302,sd2-sp_validation/fire hydrant/87875_mask_bbox.png_ps_mask.png_sd2_0.png,orig_validation/fire hydrant/87875_orig.png,masks_validation/fire hydrant/87875_mask_bbox.png_ps_mask.png,frozen_184_source_subset,T02-F01;X01;X03-real
giraffe_186637_bbox_1,186637,giraffe,bbox,0.24948,sd2-sp_validation/giraffe/186637_mask_bbox.png_ps_mask.png_sd2_1.png,orig_validation/giraffe/186637_orig.png,masks_validation/giraffe/186637_mask_bbox.png_ps_mask.png,frozen_184_source_subset,T02-F01;X01
giraffe_22969_segm_1,22969,giraffe,segm,0.03036,sd2-sp_validation/giraffe/22969_mask_segm.png_ps_mask.png_sd2_1.png,orig_validation/giraffe/22969_orig.png,masks_validation/giraffe/22969_mask_segm.png_ps_mask.png,frozen_184_source_subset,T02-F01;X01;X03-fake;E4/B4-mirror-fake
giraffe_235252_bbox_1,235252,giraffe,bbox,0.05063,sd2-sp_validation/giraffe/235252_mask_bbox.png_ps_mask.png_sd2_1.png,orig_validation/giraffe/235252_orig.png,masks_validation/giraffe/235252_mask_bbox.png_ps_mask.png,frozen_184_source_subset,T02-F01;X01;X03-fake
giraffe_259382_bbox_1,259382,giraffe,bbox,0.22492,sd2-sp_validation/giraffe/259382_mask_bbox.png_ps_mask.png_sd2_1.png,orig_validation/giraffe/259382_orig.png,masks_validation/giraffe/259382_mask_bbox.png_ps_mask.png,frozen_184_source_subset,T02-F01;X01;X03-real
giraffe_284296_bbox_2,284296,giraffe,bbox,0.05174,sd2-sp_validation/giraffe/284296_mask_bbox.png_ps_mask.png_sd2_2.png,orig_validation/giraffe/284296_orig.png,masks_validation/giraffe/284296_mask_bbox.png_ps_mask.png,frozen_184_source_subset,T02-F01;X01;X03-real;E4/B4-mirror-fake
giraffe_286849_segm_0,286849,giraffe,segm,0.04799,sd2-sp_validation/giraffe/286849_mask_segm.png_ps_mask.png_sd2_0.png,orig_validation/giraffe/286849_orig.png,masks_validation/giraffe/286849_mask_segm.png_ps_mask.png,frozen_184_source_subset,T02-F01;X01;X03-real
giraffe_287545_segm_0,287545,giraffe,segm,0.01408,sd2-sp_validation/giraffe/287545_mask_segm.png_ps_mask.png_sd2_0.png,orig_validation/giraffe/287545_orig.png,masks_validation/giraffe/287545_mask_segm.png_ps_mask.png,frozen_184_source_subset,T02-F01;X01;X03-real
giraffe_296317_segm_1,296317,giraffe,segm,0.00471,sd2-sp_validation/giraffe/296317_mask_segm.png_ps_mask.png_sd2_1.png,orig_validation/giraffe/296317_orig.png,masks_validation/giraffe/296317_mask_segm.png_ps_mask.png,frozen_184_source_subset,T02-F01;X01;X03-fake
giraffe_33707_segm_1,33707,giraffe,segm,0.08687,sd2-sp_validation/giraffe/33707_mask_segm.png_ps_mask.png_sd2_1.png,orig_validation/giraffe/33707_orig.png,masks_validation/giraffe/33707_mask_segm.png_ps_mask.png,frozen_184_source_subset,T02-F01;X01;X03-real
giraffe_344059_segm_1,344059,giraffe,segm,0.11024,sd2-sp_validation/giraffe/344059_mask_segm.png_ps_mask.png_sd2_1.png,orig_validation/giraffe/344059_orig.png,masks_validation/giraffe/344059_mask_segm.png_ps_mask.png,frozen_184_source_subset,T02-F01;X01;X03-real
giraffe_345261_segm_2,345261,giraffe,segm,0.02638,sd2-sp_validation/giraffe/345261_mask_segm.png_ps_mask.png_sd2_2.png,orig_validation/giraffe/345261_orig.png,masks_validation/giraffe/345261_mask_segm.png_ps_mask.png,frozen_184_source_subset,T02-F01;X01
giraffe_383676_segm_2,383676,giraffe,segm,0.06092,sd2-sp_validation/giraffe/383676_mask_segm.png_ps_mask.png_sd2_2.png,orig_validation/giraffe/383676_orig.png,masks_validation/giraffe/383676_mask_segm.png_ps_mask.png,frozen_184_source_subset,T02-F01;X01;X03-fake
giraffe_393282_bbox_2,393282,giraffe,bbox,0.10953,sd2-sp_validation/giraffe/393282_mask_bbox.png_ps_mask.png_sd2_2.png,orig_validation/giraffe/393282_orig.png,masks_validation/giraffe/393282_mask_bbox.png_ps_mask.png,frozen_184_source_subset,T02-F01;X01;X03-real
giraffe_394611_bbox_2,394611,giraffe,bbox,0.01981,sd2-sp_validation/giraffe/394611_mask_bbox.png_ps_mask.png_sd2_2.png,orig_validation/giraffe/394611_orig.png,masks_validation/giraffe/394611_mask_bbox.png_ps_mask.png,frozen_184_source_subset,T02-F01;X01;X03-real
giraffe_459757_segm_0,459757,giraffe,segm,0.02387,sd2-sp_validation/giraffe/459757_mask_segm.png_ps_mask.png_sd2_0.png,orig_validation/giraffe/459757_orig.png,masks_validation/giraffe/459757_mask_segm.png_ps_mask.png,frozen_184_source_subset,T02-F01;X01;X03-fake
giraffe_471567_bbox_2,471567,giraffe,bbox,0.2097,sd2-sp_validation/giraffe/471567_mask_bbox.png_ps_mask.png_sd2_2.png,orig_validation/giraffe/471567_orig.png,masks_validation/giraffe/471567_mask_bbox.png_ps_mask.png,frozen_184_source_subset,T02-F01;X01;X03-fake
giraffe_504580_segm_2,504580,giraffe,segm,0.02737,sd2-sp_validation/giraffe/504580_mask_segm.png_ps_mask.png_sd2_2.png,orig_validation/giraffe/504580_orig.png,masks_validation/giraffe/504580_mask_segm.png_ps_mask.png,frozen_184_source_subset,T02-F01;X01;E4/B4-mirror-fake
giraffe_525600_segm_0,525600,giraffe,segm,0.02094,sd2-sp_validation/giraffe/525600_mask_segm.png_ps_mask.png_sd2_0.png,orig_validation/giraffe/525600_orig.png,masks_validation/giraffe/525600_mask_segm.png_ps_mask.png,frozen_184_source_subset,T02-F01;X01;X03-fake
giraffe_528862_segm_0,528862,giraffe,segm,0.01068,sd2-sp_validation/giraffe/528862_mask_segm.png_ps_mask.png_sd2_0.png,orig_validation/giraffe/528862_orig.png,masks_validation/giraffe/528862_mask_segm.png_ps_mask.png,frozen_184_source_subset,T02-F01;X01;X03-fake
giraffe_563603_segm_1,563603,giraffe,segm,0.01794,sd2-sp_validation/giraffe/563603_mask_segm.png_ps_mask.png_sd2_1.png,orig_validation/giraffe/563603_orig.png,masks_validation/giraffe/563603_mask_segm.png_ps_mask.png,frozen_184_source_subset,T02-F01;X01;X03-fake
giraffe_566042_segm_2,566042,giraffe,segm,0.17041,sd2-sp_validation/giraffe/566042_mask_segm.png_ps_mask.png_sd2_2.png,orig_validation/giraffe/566042_orig.png,masks_validation/giraffe/566042_mask_segm.png_ps_mask.png,frozen_184_source_subset,T02-F01;X01;X03-fake;E4/B4-mirror-fake
horse_121031_bbox_0,121031,horse,bbox,0.15034,sd2-sp_validation/horse/121031_mask_bbox.png_ps_mask.png_sd2_0.png,orig_validation/horse/121031_orig.png,masks_validation/horse/121031_mask_bbox.png_ps_mask.png,frozen_184_source_subset,T02-F01;X01;X03-fake;E4/B4-mirror-fake
horse_15956_bbox_1,15956,horse,bbox,0.17381,sd2-sp_validation/horse/15956_mask_bbox.png_ps_mask.png_sd2_1.png,orig_validation/horse/15956_orig.png,masks_validation/horse/15956_mask_bbox.png_ps_mask.png,frozen_184_source_subset,T02-F01;X01;X03-fake
horse_181753_bbox_2,181753,horse,bbox,0.03,sd2-sp_validation/horse/181753_mask_bbox.png_ps_mask.png_sd2_2.png,orig_validation/horse/181753_orig.png,masks_validation/horse/181753_mask_bbox.png_ps_mask.png,frozen_184_source_subset,T02-F01;X01;X03-fake;E4/B4-mirror-fake
horse_191614_bbox_2,191614,horse,bbox,0.0721,sd2-sp_validation/horse/191614_mask_bbox.png_ps_mask.png_sd2_2.png,orig_validation/horse/191614_orig.png,masks_validation/horse/191614_mask_bbox.png_ps_mask.png,frozen_184_source_subset,T02-F01;X01;E4/B4-mirror-fake
horse_214753_bbox_0,214753,horse,bbox,0.0265,sd2-sp_validation/horse/214753_mask_bbox.png_ps_mask.png_sd2_0.png,orig_validation/horse/214753_orig.png,masks_validation/horse/214753_mask_bbox.png_ps_mask.png,frozen_184_source_subset,T02-F01;X01;X03-fake
horse_234807_bbox_1,234807,horse,bbox,0.0592,sd2-sp_validation/horse/234807_mask_bbox.png_ps_mask.png_sd2_1.png,orig_validation/horse/234807_orig.png,masks_validation/horse/234807_mask_bbox.png_ps_mask.png,frozen_184_source_subset,T02-F01;X01;X03-fake;E4/B4-mirror-fake
horse_269932_segm_1,269932,horse,segm,0.05983,sd2-sp_validation/horse/269932_mask_segm.png_ps_mask.png_sd2_1.png,orig_validation/horse/269932_orig.png,masks_validation/horse/269932_mask_segm.png_ps_mask.png,frozen_184_source_subset,T02-F01;X01;X03-fake;E4/B4-mirror-fake
horse_299609_segm_0,299609,horse,segm,0.01497,sd2-sp_validation/horse/299609_mask_segm.png_ps_mask.png_sd2_0.png,orig_validation/horse/299609_orig.png,masks_validation/horse/299609_mask_segm.png_ps_mask.png,frozen_184_source_subset,T02-F01;X01;X03-fake
horse_308545_segm_0,308545,horse,segm,0.08455,sd2-sp_validation/horse/308545_mask_segm.png_ps_mask.png_sd2_0.png,orig_validation/horse/308545_orig.png,masks_validation/horse/308545_mask_segm.png_ps_mask.png,frozen_184_source_subset,T02-F01;X01;X03-real
horse_344888_segm_2,344888,horse,segm,0.01981,sd2-sp_validation/horse/344888_mask_segm.png_ps_mask.png_sd2_2.png,orig_validation/horse/344888_orig.png,masks_validation/horse/344888_mask_segm.png_ps_mask.png,frozen_184_source_subset,T02-F01;X01;E4/B4-mirror-fake
horse_353051_segm_0,353051,horse,segm,0.24359,sd2-sp_validation/horse/353051_mask_segm.png_ps_mask.png_sd2_0.png,orig_validation/horse/353051_orig.png,masks_validation/horse/353051_mask_segm.png_ps_mask.png,frozen_184_source_subset,T02-F01;X01;X03-real;E4/B4-mirror-fake
horse_384513_segm_1,384513,horse,segm,0.02712,sd2-sp_validation/horse/384513_mask_segm.png_ps_mask.png_sd2_1.png,orig_validation/horse/384513_orig.png,masks_validation/horse/384513_mask_segm.png_ps_mask.png,frozen_184_source_subset,T02-F01;X01;X03-fake;E4/B4-mirror-fake
horse_396863_bbox_0,396863,horse,bbox,0.21404,sd2-sp_validation/horse/396863_mask_bbox.png_ps_mask.png_sd2_0.png,orig_validation/horse/396863_orig.png,masks_validation/horse/396863_mask_bbox.png_ps_mask.png,frozen_184_source_subset,T02-F01;X01;X03-fake;E4/B4-mirror-fake
horse_456015_bbox_2,456015,horse,bbox,0.07176,sd2-sp_validation/horse/456015_mask_bbox.png_ps_mask.png_sd2_2.png,orig_validation/horse/456015_orig.png,masks_validation/horse/456015_mask_bbox.png_ps_mask.png,frozen_184_source_subset,T02-F01;X01;E4/B4-mirror-fake
horse_476215_segm_2,476215,horse,segm,0.05668,sd2-sp_validation/horse/476215_mask_segm.png_ps_mask.png_sd2_2.png,orig_validation/horse/476215_orig.png,masks_validation/horse/476215_mask_segm.png_ps_mask.png,frozen_184_source_subset,T02-F01;X01;X03-real;E4/B4-mirror-fake
horse_492282_segm_2,492282,horse,segm,0.07926,sd2-sp_validation/horse/492282_mask_segm.png_ps_mask.png_sd2_2.png,orig_validation/horse/492282_orig.png,masks_validation/horse/492282_mask_segm.png_ps_mask.png,frozen_184_source_subset,T02-F01;X01;X03-real;E4/B4-mirror-fake
horse_508639_segm_0,508639,horse,segm,0.06119,sd2-sp_validation/horse/508639_mask_segm.png_ps_mask.png_sd2_0.png,orig_validation/horse/508639_orig.png,masks_validation/horse/508639_mask_segm.png_ps_mask.png,frozen_184_source_subset,T02-F01;X01
horse_51309_segm_2,51309,horse,segm,0.04857,sd2-sp_validation/horse/51309_mask_segm.png_ps_mask.png_sd2_2.png,orig_validation/horse/51309_orig.png,masks_validation/horse/51309_mask_segm.png_ps_mask.png,frozen_184_source_subset,T02-F01;X01;E4/B4-mirror-fake
horse_547886_segm_1,547886,horse,segm,0.02404,sd2-sp_validation/horse/547886_mask_segm.png_ps_mask.png_sd2_1.png,orig_validation/horse/547886_orig.png,masks_validation/horse/547886_mask_segm.png_ps_mask.png,frozen_184_source_subset,T02-F01;X01;X03-fake;E4/B4-mirror-fake
horse_54931_bbox_1,54931,horse,bbox,0.10867,sd2-sp_validation/horse/54931_mask_bbox.png_ps_mask.png_sd2_1.png,orig_validation/horse/54931_orig.png,masks_validation/horse/54931_mask_bbox.png_ps_mask.png,frozen_184_source_subset,T02-F01;X01;X03-fake;E4/B4-mirror-fake
horse_560880_segm_1,560880,horse,segm,0.01468,sd2-sp_validation/horse/560880_mask_segm.png_ps_mask.png_sd2_1.png,orig_validation/horse/560880_orig.png,masks_validation/horse/560880_mask_segm.png_ps_mask.png,frozen_184_source_subset,T02-F01;X01;X03-fake;E4/B4-mirror-fake
horse_79229_bbox_0,79229,horse,bbox,0.16746,sd2-sp_validation/horse/79229_mask_bbox.png_ps_mask.png_sd2_0.png,orig_validation/horse/79229_orig.png,masks_validation/horse/79229_mask_bbox.png_ps_mask.png,frozen_184_source_subset,T02-F01;X01
parking meter_230450_segm_2,230450,parking meter,segm,0.03608,sd2-sp_validation/parking meter/230450_mask_segm.png_ps_mask.png_sd2_2.png,orig_validation/parking meter/230450_orig.png,masks_validation/parking meter/230450_mask_segm.png_ps_mask.png,frozen_184_source_subset,T02-F01;X01;X03-real
parking meter_279714_bbox_2,279714,parking meter,bbox,0.17788,sd2-sp_validation/parking meter/279714_mask_bbox.png_ps_mask.png_sd2_2.png,orig_validation/parking meter/279714_orig.png,masks_validation/parking meter/279714_mask_bbox.png_ps_mask.png,frozen_184_source_subset,T02-F01;X01;X03-real;E4/B4-mirror-fake
parking meter_33114_bbox_0,33114,parking meter,bbox,0.02911,sd2-sp_validation/parking meter/33114_mask_bbox.png_ps_mask.png_sd2_0.png,orig_validation/parking meter/33114_orig.png,masks_validation/parking meter/33114_mask_bbox.png_ps_mask.png,frozen_184_source_subset,T02-F01;X01;X03-real
parking meter_34071_bbox_1,34071,parking meter,bbox,0.15687,sd2-sp_validation/parking meter/34071_mask_bbox.png_ps_mask.png_sd2_1.png,orig_validation/parking meter/34071_orig.png,masks_validation/parking meter/34071_mask_bbox.png_ps_mask.png,frozen_184_source_subset,T02-F01;X01;X03-fake
parking meter_433774_segm_0,433774,parking meter,segm,0.08493,sd2-sp_validation/parking meter/433774_mask_segm.png_ps_mask.png_sd2_0.png,orig_validation/parking meter/433774_orig.png,masks_validation/parking meter/433774_mask_segm.png_ps_mask.png,frozen_184_source_subset,T02-F01;X01;E4/B4-mirror-fake
parking meter_542625_segm_2,542625,parking meter,segm,0.02759,sd2-sp_validation/parking meter/542625_mask_segm.png_ps_mask.png_sd2_2.png,orig_validation/parking meter/542625_orig.png,masks_validation/parking meter/542625_mask_segm.png_ps_mask.png,frozen_184_source_subset,T02-F01;X01;X03-real
skateboard_119911_segm_1,119911,skateboard,segm,0.00993,sd2-sp_validation/skateboard/119911_mask_segm.png_ps_mask.png_sd2_1.png,orig_validation/skateboard/119911_orig.png,masks_validation/skateboard/119911_mask_segm.png_ps_mask.png,frozen_184_source_subset,T02-F01;X01;X03-fake
skateboard_121591_segm_1,121591,skateboard,segm,0.00937,sd2-sp_validation/skateboard/121591_mask_segm.png_ps_mask.png_sd2_1.png,orig_validation/skateboard/121591_orig.png,masks_validation/skateboard/121591_mask_segm.png_ps_mask.png,frozen_184_source_subset,T02-F01;X01;X03-fake
skateboard_150649_bbox_2,150649,skateboard,bbox,0.00903,sd2-sp_validation/skateboard/150649_mask_bbox.png_ps_mask.png_sd2_2.png,orig_validation/skateboard/150649_orig.png,masks_validation/skateboard/150649_mask_bbox.png_ps_mask.png,frozen_184_source_subset,T02-F01;X01;X03-fake;E4/B4-mirror-fake
skateboard_161879_segm_1,161879,skateboard,segm,0.00991,sd2-sp_validation/skateboard/161879_mask_segm.png_ps_mask.png_sd2_1.png,orig_validation/skateboard/161879_orig.png,masks_validation/skateboard/161879_mask_segm.png_ps_mask.png,frozen_184_source_subset,T02-F01;X01;X03-real;E4/B4-mirror-fake
skateboard_230983_segm_2,230983,skateboard,segm,0.00827,sd2-sp_validation/skateboard/230983_mask_segm.png_ps_mask.png_sd2_2.png,orig_validation/skateboard/230983_orig.png,masks_validation/skateboard/230983_mask_segm.png_ps_mask.png,frozen_184_source_subset,T02-F01;X01;X03-real
skateboard_243989_segm_0,243989,skateboard,segm,0.04582,sd2-sp_validation/skateboard/243989_mask_segm.png_ps_mask.png_sd2_0.png,orig_validation/skateboard/243989_orig.png,masks_validation/skateboard/243989_mask_segm.png_ps_mask.png,frozen_184_source_subset,T02-F01;X01
skateboard_292415_segm_2,292415,skateboard,segm,0.00547,sd2-sp_validation/skateboard/292415_mask_segm.png_ps_mask.png_sd2_2.png,orig_validation/skateboard/292415_orig.png,masks_validation/skateboard/292415_mask_segm.png_ps_mask.png,frozen_184_source_subset,T02-F01;X01;X03-real
skateboard_404249_segm_1,404249,skateboard,segm,0.01358,sd2-sp_validation/skateboard/404249_mask_segm.png_ps_mask.png_sd2_1.png,orig_validation/skateboard/404249_orig.png,masks_validation/skateboard/404249_mask_segm.png_ps_mask.png,frozen_184_source_subset,T02-F01;X01;X03-fake
skateboard_424521_bbox_0,424521,skateboard,bbox,0.0367,sd2-sp_validation/skateboard/424521_mask_bbox.png_ps_mask.png_sd2_0.png,orig_validation/skateboard/424521_orig.png,masks_validation/skateboard/424521_mask_bbox.png_ps_mask.png,frozen_184_source_subset,T02-F01;X01;X03-fake;E4/B4-mirror-fake
skateboard_451084_segm_2,451084,skateboard,segm,0.01739,sd2-sp_validation/skateboard/451084_mask_segm.png_ps_mask.png_sd2_2.png,orig_validation/skateboard/451084_orig.png,masks_validation/skateboard/451084_mask_segm.png_ps_mask.png,frozen_184_source_subset,T02-F01;X01;X03-fake
skateboard_523957_bbox_2,523957,skateboard,bbox,0.00605,sd2-sp_validation/skateboard/523957_mask_bbox.png_ps_mask.png_sd2_2.png,orig_validation/skateboard/523957_orig.png,masks_validation/skateboard/523957_mask_bbox.png_ps_mask.png,frozen_184_source_subset,T02-F01;X01;X03-fake
skateboard_581357_segm_2,581357,skateboard,segm,0.00703,sd2-sp_validation/skateboard/581357_mask_segm.png_ps_mask.png_sd2_2.png,orig_validation/skateboard/581357_orig.png,masks_validation/skateboard/581357_mask_segm.png_ps_mask.png,frozen_184_source_subset,T02-F01;X01;X03-fake
skateboard_67310_segm_2,67310,skateboard,segm,0.00653,sd2-sp_validation/skateboard/67310_mask_segm.png_ps_mask.png_sd2_2.png,orig_validation/skateboard/67310_orig.png,masks_validation/skateboard/67310_mask_segm.png_ps_mask.png,frozen_184_source_subset,T02-F01;X01;X03-fake
skateboard_72281_segm_0,72281,skateboard,segm,0.03203,sd2-sp_validation/skateboard/72281_mask_segm.png_ps_mask.png_sd2_0.png,orig_validation/skateboard/72281_orig.png,masks_validation/skateboard/72281_mask_segm.png_ps_mask.png,frozen_184_source_subset,T02-F01;X01;X03-real
skateboard_7977_bbox_0,7977,skateboard,bbox,0.02088,sd2-sp_validation/skateboard/7977_mask_bbox.png_ps_mask.png_sd2_0.png,orig_validation/skateboard/7977_orig.png,masks_validation/skateboard/7977_mask_bbox.png_ps_mask.png,frozen_184_source_subset,T02-F01;X01;X03-fake
surfboard_170613_segm_2,170613,surfboard,segm,0.05818,sd2-sp_validation/surfboard/170613_mask_segm.png_ps_mask.png_sd2_2.png,orig_validation/surfboard/170613_orig.png,masks_validation/surfboard/170613_mask_segm.png_ps_mask.png,frozen_184_source_subset,T02-F01;X01;X03-fake;E4/B4-mirror-fake
surfboard_190007_bbox_0,190007,surfboard,bbox,0.00839,sd2-sp_validation/surfboard/190007_mask_bbox.png_ps_mask.png_sd2_0.png,orig_validation/surfboard/190007_orig.png,masks_validation/surfboard/190007_mask_bbox.png_ps_mask.png,frozen_184_source_subset,T02-F01;X01
surfboard_191672_segm_1,191672,surfboard,segm,0.00766,sd2-sp_validation/surfboard/191672_mask_segm.png_ps_mask.png_sd2_1.png,orig_validation/surfboard/191672_orig.png,masks_validation/surfboard/191672_mask_segm.png_ps_mask.png,frozen_184_source_subset,T02-F01;X01;X03-fake
surfboard_2261_segm_1,2261,surfboard,segm,0.00611,sd2-sp_validation/surfboard/2261_mask_segm.png_ps_mask.png_sd2_1.png,orig_validation/surfboard/2261_orig.png,masks_validation/surfboard/2261_mask_segm.png_ps_mask.png,frozen_184_source_subset,T02-F01;X01;X03-fake
surfboard_246883_segm_1,246883,surfboard,segm,0.01152,sd2-sp_validation/surfboard/246883_mask_segm.png_ps_mask.png_sd2_1.png,orig_validation/surfboard/246883_orig.png,masks_validation/surfboard/246883_mask_segm.png_ps_mask.png,frozen_184_source_subset,T02-F01;X01;X03-real
surfboard_274066_segm_0,274066,surfboard,segm,0.05613,sd2-sp_validation/surfboard/274066_mask_segm.png_ps_mask.png_sd2_0.png,orig_validation/surfboard/274066_orig.png,masks_validation/surfboard/274066_mask_segm.png_ps_mask.png,frozen_184_source_subset,T02-F01;X01;X03-fake;E4/B4-mirror-fake
surfboard_312489_segm_0,312489,surfboard,segm,0.027,sd2-sp_validation/surfboard/312489_mask_segm.png_ps_mask.png_sd2_0.png,orig_validation/surfboard/312489_orig.png,masks_validation/surfboard/312489_mask_segm.png_ps_mask.png,frozen_184_source_subset,T02-F01;X01;X03-fake
surfboard_326174_segm_1,326174,surfboard,segm,0.01417,sd2-sp_validation/surfboard/326174_mask_segm.png_ps_mask.png_sd2_1.png,orig_validation/surfboard/326174_orig.png,masks_validation/surfboard/326174_mask_segm.png_ps_mask.png,frozen_184_source_subset,T02-F01;X01;X03-fake
surfboard_334530_bbox_1,334530,surfboard,bbox,0.01753,sd2-sp_validation/surfboard/334530_mask_bbox.png_ps_mask.png_sd2_1.png,orig_validation/surfboard/334530_orig.png,masks_validation/surfboard/334530_mask_bbox.png_ps_mask.png,frozen_184_source_subset,T02-F01;X01
surfboard_356505_segm_0,356505,surfboard,segm,0.00926,sd2-sp_validation/surfboard/356505_mask_segm.png_ps_mask.png_sd2_0.png,orig_validation/surfboard/356505_orig.png,masks_validation/surfboard/356505_mask_segm.png_ps_mask.png,frozen_184_source_subset,T02-F01;X01
surfboard_378116_segm_1,378116,surfboard,segm,0.00549,sd2-sp_validation/surfboard/378116_mask_segm.png_ps_mask.png_sd2_1.png,orig_validation/surfboard/378116_orig.png,masks_validation/surfboard/378116_mask_segm.png_ps_mask.png,frozen_184_source_subset,T02-F01;X01;E4/B4-mirror-fake
surfboard_389197_segm_2,389197,surfboard,segm,0.02388,sd2-sp_validation/surfboard/389197_mask_segm.png_ps_mask.png_sd2_2.png,orig_validation/surfboard/389197_orig.png,masks_validation/surfboard/389197_mask_segm.png_ps_mask.png,frozen_184_source_subset,T02-F01;X01;X03-real
surfboard_395903_bbox_1,395903,surfboard,bbox,0.04854,sd2-sp_validation/surfboard/395903_mask_bbox.png_ps_mask.png_sd2_1.png,orig_validation/surfboard/395903_orig.png,masks_validation/surfboard/395903_mask_bbox.png_ps_mask.png,frozen_184_source_subset,T02-F01;X01;X03-real;E4/B4-mirror-fake
surfboard_403584_segm_1,403584,surfboard,segm,0.029,sd2-sp_validation/surfboard/403584_mask_segm.png_ps_mask.png_sd2_1.png,orig_validation/surfboard/403584_orig.png,masks_validation/surfboard/403584_mask_segm.png_ps_mask.png,frozen_184_source_subset,T02-F01;X01
surfboard_437331_segm_0,437331,surfboard,segm,0.01346,sd2-sp_validation/surfboard/437331_mask_segm.png_ps_mask.png_sd2_0.png,orig_validation/surfboard/437331_orig.png,masks_validation/surfboard/437331_mask_segm.png_ps_mask.png,frozen_184_source_subset,T02-F01;X01;X03-real
surfboard_4765_segm_0,4765,surfboard,segm,0.01932,sd2-sp_validation/surfboard/4765_mask_segm.png_ps_mask.png_sd2_0.png,orig_validation/surfboard/4765_orig.png,masks_validation/surfboard/4765_mask_segm.png_ps_mask.png,frozen_184_source_subset,T02-F01;X01
surfboard_498807_segm_2,498807,surfboard,segm,0.0374,sd2-sp_validation/surfboard/498807_mask_segm.png_ps_mask.png_sd2_2.png,orig_validation/surfboard/498807_orig.png,masks_validation/surfboard/498807_mask_segm.png_ps_mask.png,frozen_184_source_subset,T02-F01;X01;X03-real
surfboard_51314_segm_1,51314,surfboard,segm,0.02335,sd2-sp_validation/surfboard/51314_mask_segm.png_ps_mask.png_sd2_1.png,orig_validation/surfboard/51314_orig.png,masks_validation/surfboard/51314_mask_segm.png_ps_mask.png,frozen_184_source_subset,T02-F01;X01;X03-fake;E4/B4-mirror-fake
surfboard_515350_segm_1,515350,surfboard,segm,0.00316,sd2-sp_validation/surfboard/515350_mask_segm.png_ps_mask.png_sd2_1.png,orig_validation/surfboard/515350_orig.png,masks_validation/surfboard/515350_mask_segm.png_ps_mask.png,frozen_184_source_subset,T02-F01;X01;X03-real
surfboard_554595_bbox_2,554595,surfboard,bbox,0.1194,sd2-sp_validation/surfboard/554595_mask_bbox.png_ps_mask.png_sd2_2.png,orig_validation/surfboard/554595_orig.png,masks_validation/surfboard/554595_mask_bbox.png_ps_mask.png,frozen_184_source_subset,T02-F01;X01;X03-fake
surfboard_567011_bbox_1,567011,surfboard,bbox,0.00789,sd2-sp_validation/surfboard/567011_mask_bbox.png_ps_mask.png_sd2_1.png,orig_validation/surfboard/567011_orig.png,masks_validation/surfboard/567011_mask_bbox.png_ps_mask.png,frozen_184_source_subset,T02-F01;X01;X03-fake
surfboard_569972_segm_0,569972,surfboard,segm,0.00571,sd2-sp_validation/surfboard/569972_mask_segm.png_ps_mask.png_sd2_0.png,orig_validation/surfboard/569972_orig.png,masks_validation/surfboard/569972_mask_segm.png_ps_mask.png,frozen_184_source_subset,T02-F01;X01;X03-fake;E4/B4-mirror-fake
surfboard_574520_segm_0,574520,surfboard,segm,0.01604,sd2-sp_validation/surfboard/574520_mask_segm.png_ps_mask.png_sd2_0.png,orig_validation/surfboard/574520_orig.png,masks_validation/surfboard/574520_mask_segm.png_ps_mask.png,frozen_184_source_subset,T02-F01;X01
surfboard_63154_segm_0,63154,surfboard,segm,0.00579,sd2-sp_validation/surfboard/63154_mask_segm.png_ps_mask.png_sd2_0.png,orig_validation/surfboard/63154_orig.png,masks_validation/surfboard/63154_mask_segm.png_ps_mask.png,frozen_184_source_subset,T02-F01;X01;X03-fake
surfboard_7278_segm_1,7278,surfboard,segm,0.00668,sd2-sp_validation/surfboard/7278_mask_segm.png_ps_mask.png_sd2_1.png,orig_validation/surfboard/7278_orig.png,masks_validation/surfboard/7278_mask_segm.png_ps_mask.png,frozen_184_source_subset,T02-F01;X01
surfboard_92177_bbox_2,92177,surfboard,bbox,0.02039,sd2-sp_validation/surfboard/92177_mask_bbox.png_ps_mask.png_sd2_2.png,orig_validation/surfboard/92177_orig.png,masks_validation/surfboard/92177_mask_bbox.png_ps_mask.png,frozen_184_source_subset,T02-F01;X01;X03-real
train_100274_segm_1,100274,train,segm,0.00644,sd2-sp_validation/train/100274_mask_segm.png_ps_mask.png_sd2_1.png,orig_validation/train/100274_orig.png,masks_validation/train/100274_mask_segm.png_ps_mask.png,frozen_184_source_subset,T02-F01;X01;X03-fake;E4/B4-mirror-fake
train_124277_bbox_0,124277,train,bbox,0.27168,sd2-sp_validation/train/124277_mask_bbox.png_ps_mask.png_sd2_0.png,orig_validation/train/124277_orig.png,masks_validation/train/124277_mask_bbox.png_ps_mask.png,frozen_184_source_subset,T02-F01;X01;X03-real;E4/B4-mirror-fake
train_127624_bbox_2,127624,train,bbox,0.20859,sd2-sp_validation/train/127624_mask_bbox.png_ps_mask.png_sd2_2.png,orig_validation/train/127624_orig.png,masks_validation/train/127624_mask_bbox.png_ps_mask.png,frozen_184_source_subset,T02-F01;X01;X03-fake
train_155443_segm_2,155443,train,segm,0.05277,sd2-sp_validation/train/155443_mask_segm.png_ps_mask.png_sd2_2.png,orig_validation/train/155443_orig.png,masks_validation/train/155443_mask_segm.png_ps_mask.png,frozen_184_source_subset,T02-F01;X01;X03-real
train_184321_segm_0,184321,train,segm,0.03201,sd2-sp_validation/train/184321_mask_segm.png_ps_mask.png_sd2_0.png,orig_validation/train/184321_orig.png,masks_validation/train/184321_mask_segm.png_ps_mask.png,frozen_184_source_subset,T02-F01;X01;X03-real
train_187144_segm_0,187144,train,segm,0.01631,sd2-sp_validation/train/187144_mask_segm.png_ps_mask.png_sd2_0.png,orig_validation/train/187144_orig.png,masks_validation/train/187144_mask_segm.png_ps_mask.png,frozen_184_source_subset,T02-F01;X01;X03-fake;E4/B4-mirror-fake
train_241297_bbox_1,241297,train,bbox,0.28371,sd2-sp_validation/train/241297_mask_bbox.png_ps_mask.png_sd2_1.png,orig_validation/train/241297_orig.png,masks_validation/train/241297_mask_bbox.png_ps_mask.png,frozen_184_source_subset,T02-F01;X01;X03-real
train_25181_segm_1,25181,train,segm,0.09756,sd2-sp_validation/train/25181_mask_segm.png_ps_mask.png_sd2_1.png,orig_validation/train/25181_orig.png,masks_validation/train/25181_mask_segm.png_ps_mask.png,frozen_184_source_subset,T02-F01;X01;E4/B4-mirror-fake
train_268000_segm_2,268000,train,segm,0.02326,sd2-sp_validation/train/268000_mask_segm.png_ps_mask.png_sd2_2.png,orig_validation/train/268000_orig.png,masks_validation/train/268000_mask_segm.png_ps_mask.png,frozen_184_source_subset,T02-F01;X01;X03-fake;E4/B4-mirror-fake
train_287874_bbox_0,287874,train,bbox,0.14231,sd2-sp_validation/train/287874_mask_bbox.png_ps_mask.png_sd2_0.png,orig_validation/train/287874_orig.png,masks_validation/train/287874_mask_bbox.png_ps_mask.png,frozen_184_source_subset,T02-F01;X01;X03-fake
train_338986_bbox_0,338986,train,bbox,0.13188,sd2-sp_validation/train/338986_mask_bbox.png_ps_mask.png_sd2_0.png,orig_validation/train/338986_orig.png,masks_validation/train/338986_mask_bbox.png_ps_mask.png,frozen_184_source_subset,T02-F01;X01;X03-real;E4/B4-mirror-fake
train_376625_bbox_2,376625,train,bbox,0.17856,sd2-sp_validation/train/376625_mask_bbox.png_ps_mask.png_sd2_2.png,orig_validation/train/376625_orig.png,masks_validation/train/376625_mask_bbox.png_ps_mask.png,frozen_184_source_subset,T02-F01;X01;X03-fake
train_379800_segm_0,379800,train,segm,0.27794,sd2-sp_validation/train/379800_mask_segm.png_ps_mask.png_sd2_0.png,orig_validation/train/379800_orig.png,masks_validation/train/379800_mask_segm.png_ps_mask.png,frozen_184_source_subset,T02-F01;X01;X03-fake
train_419882_segm_0,419882,train,segm,0.13615,sd2-sp_validation/train/419882_mask_segm.png_ps_mask.png_sd2_0.png,orig_validation/train/419882_orig.png,masks_validation/train/419882_mask_segm.png_ps_mask.png,frozen_184_source_subset,T02-F01;X01;X03-fake;E4/B4-mirror-fake
train_42178_bbox_1,42178,train,bbox,0.25433,sd2-sp_validation/train/42178_mask_bbox.png_ps_mask.png_sd2_1.png,orig_validation/train/42178_orig.png,masks_validation/train/42178_mask_bbox.png_ps_mask.png,frozen_184_source_subset,T02-F01;X01
train_42563_segm_1,42563,train,segm,0.02957,sd2-sp_validation/train/42563_mask_segm.png_ps_mask.png_sd2_1.png,orig_validation/train/42563_orig.png,masks_validation/train/42563_mask_segm.png_ps_mask.png,frozen_184_source_subset,T02-F01;X01;X03-fake
train_440508_segm_2,440508,train,segm,0.11732,sd2-sp_validation/train/440508_mask_segm.png_ps_mask.png_sd2_2.png,orig_validation/train/440508_orig.png,masks_validation/train/440508_mask_segm.png_ps_mask.png,frozen_184_source_subset,T02-F01;X01
train_440617_bbox_2,440617,train,bbox,0.16303,sd2-sp_validation/train/440617_mask_bbox.png_ps_mask.png_sd2_2.png,orig_validation/train/440617_orig.png,masks_validation/train/440617_mask_bbox.png_ps_mask.png,frozen_184_source_subset,T02-F01;X01;X03-real
train_508917_bbox_1,508917,train,bbox,0.17588,sd2-sp_validation/train/508917_mask_bbox.png_ps_mask.png_sd2_1.png,orig_validation/train/508917_orig.png,masks_validation/train/508917_mask_bbox.png_ps_mask.png,frozen_184_source_subset,T02-F01;X01;X03-real
train_539445_segm_1,539445,train,segm,0.11044,sd2-sp_validation/train/539445_mask_segm.png_ps_mask.png_sd2_1.png,orig_validation/train/539445_orig.png,masks_validation/train/539445_mask_segm.png_ps_mask.png,frozen_184_source_subset,T02-F01;X01;X03-fake
train_60090_segm_1,60090,train,segm,0.17589,sd2-sp_validation/train/60090_mask_segm.png_ps_mask.png_sd2_1.png,orig_validation/train/60090_orig.png,masks_validation/train/60090_mask_segm.png_ps_mask.png,frozen_184_source_subset,T02-F01;X01;X03-fake
